{"options":{},"indexes":[{"v":{"$numberInt":"2"},"key":{"_id":{"$numberInt":"1"}},"name":"_id_","ns":"nodebb.objects"},{"v":{"$numberInt":"2"},"key":{"_key":{"$numberInt":"1"},"score":{"$numberInt":"-1"}},"name":"_key_1_score_-1","ns":"nodebb.objects","background":true},{"v":{"$numberInt":"2"},"unique":true,"key":{"_key":{"$numberInt":"1"},"value":{"$numberInt":"-1"}},"name":"_key_1_value_-1","sparse":true,"ns":"nodebb.objects","background":true},{"v":{"$numberInt":"2"},"key":{"expireAt":{"$numberInt":"1"}},"name":"expireAt_1","ns":"nodebb.objects","expireAfterSeconds":{"$numberInt":"0"},"background":true}],"uuid":"8052b261908241c8a68fe99670bcb083"}